time,q1_dot,q2_dot,q3_dot,q4_dot,q5_dot,q6_dot,q7_dot
0.1,0.000835767,-0.66965,-0.000227445,0.16626,0.00110817,0.823857,-0.000739575
0.2,0.00334307,-0.664102,-0.000909781,0.169819,0.00443266,0.821903,-0.0029583
0.3,0.00747499,-0.647588,-0.0019838,0.168669,0.00992068,0.804501,-0.00663464
0.4,0.0131791,-0.621726,-0.00340705,0.168086,0.017503,0.778447,-0.0117114
0.5,0.0200347,-0.580109,-0.004895,0.162081,0.0266078,0.731524,-0.0177975
0.6,0.0278839,-0.549168,-0.0066399,0.166237,0.0370624,0.705146,-0.0248103
0.7,0.0355317,-0.518945,-0.00824482,0.171083,0.0472457,0.680157,-0.03164
0.8,0.04204,-0.478772,-0.00922127,0.169248,0.0558496,0.63878,-0.0373682
0.9,0.0492503,-0.449531,-0.0105296,0.174901,0.0654487,0.61556,-0.0438104
1,0.0562816,-0.421033,-0.0117364,0.181032,0.0748033,0.593547,-0.0500889
1.1,0.0631248,-0.39307,-0.0128406,0.187378,0.0839007,0.572277,-0.0561945
1.2,0.0697881,-0.365636,-0.013851,0.193903,0.0927518,0.551709,-0.0621356
1.3,0.0747131,-0.330537,-0.0140667,0.194537,0.0991882,0.517795,-0.0664036
1.4,0.0810378,-0.304101,-0.0148995,0.201446,0.107588,0.498599,-0.072054
1.5,0.0872358,-0.278359,-0.0156789,0.208621,0.115814,0.480353,-0.077592
1.6,0.0932832,-0.253137,-0.0163954,0.215863,0.123835,0.462692,-0.0829943
1.7,0.0969634,-0.223062,-0.0162388,0.21736,0.128551,0.434611,-0.0861035
1.8,0.102732,-0.198823,-0.0168423,0.224733,0.136202,0.418061,-0.0912734
1.9,0.10841,-0.175202,-0.0174168,0.232256,0.143732,0.40227,-0.0963675
2,0.113961,-0.152078,-0.0179494,0.23976,0.151087,0.386958,-0.101348
2.1,0.119387,-0.129443,-0.0184438,0.247227,0.158274,0.372097,-0.106219
2.2,0.124695,-0.10729,-0.0189039,0.254644,0.165299,0.357668,-0.110986
2.3,0.127022,-0.0832936,-0.0184789,0.256016,0.16818,0.335506,-0.11289
2.4,0.132114,-0.0620658,-0.0188841,0.263326,0.174926,0.321897,-0.117488
2.5,0.137157,-0.0413517,-0.0192828,0.270688,0.181607,0.308852,-0.12205
2.6,0.142097,-0.021094,-0.0196598,0.277951,0.188151,0.296167,-0.126524
2.7,0.146938,-0.00128442,-0.0200175,0.285105,0.194561,0.283821,-0.130913
2.8,0.148387,0.0181103,-0.0195292,0.285744,0.196278,0.265514,-0.132071
2.9,0.15305,0.0370569,-0.0198608,0.292665,0.202463,0.253805,-0.136329
3,0.157688,0.0555755,-0.0201966,0.299596,0.208619,0.242533,-0.140574
3.1,0.162241,0.0736742,-0.0205213,0.306389,0.214661,0.231545,-0.144748
3.2,0.163131,0.0897284,-0.0200504,0.306241,0.215659,0.215788,-0.14546
3.3,0.167528,0.107016,-0.020364,0.312734,0.221508,0.205319,-0.149524
3.4,0.171918,0.123942,-0.020687,0.319221,0.227352,0.195208,-0.153593
3.5,0.176231,0.140476,-0.0210047,0.325548,0.233095,0.185332,-0.157599
3.6,0.180468,0.156626,-0.0213183,0.33171,0.23874,0.175679,-0.161546
3.7,0.180728,0.168895,-0.0208954,0.330325,0.238935,0.162473,-0.161764
3.8,0.184834,0.1843,-0.0212111,0.336137,0.244422,0.153223,-0.165627
3.9,0.18895,0.199419,-0.0215408,0.34194,0.249928,0.144254,-0.16951
4,0.193001,0.214182,-0.0218706,0.34757,0.25535,0.135473,-0.173343
4.1,0.196986,0.228594,-0.0222014,0.353023,0.260688,0.126871,-0.177128
4.2,0.200908,0.242661,-0.022534,0.358298,0.265946,0.118439,-0.180866
4.3,0.200587,0.251236,-0.0221959,0.355412,0.265434,0.107438,-0.180676
4.4,0.204401,0.264636,-0.0225408,0.36031,0.270568,0.099309,-0.184354
4.5,0.208241,0.277826,-0.0229032,0.365209,0.275745,0.0913938,-0.18807
4.6,0.212027,0.290699,-0.0232703,0.369931,0.280853,0.0836244,-0.191748
4.7,0.21131,0.296655,-0.0230146,0.365969,0.279857,0.0741708,-0.191273
4.8,0.214997,0.308905,-0.0233982,0.370306,0.284856,0.066651,-0.194904
4.9,0.218722,0.321003,-0.0238006,0.374659,0.289914,0.0593041,-0.198583
5,0.222397,0.332805,-0.0242096,0.378836,0.294911,0.0520812,-0.202229
5.1,0.226022,0.344315,-0.0246256,0.382832,0.299846,0.0449766,-0.205845
5.2,0.22492,0.347667,-0.0244662,0.377663,0.298402,0.0369307,-0.205133
5.3,0.228459,0.358609,-0.0249025,0.381276,0.303248,0.0300255,-0.208715
5.4,0.232047,0.369454,-0.0253589,0.384925,0.308167,0.0232564,-0.212357
5.5,0.23559,0.38003,-0.025824,0.388401,0.313033,0.0165903,-0.215974
5.6,0.23426,0.38161,-0.0257478,0.382429,0.311343,0.00952141,-0.215153
5.7,0.237724,0.391655,-0.0262351,0.385529,0.316131,0.00302426,-0.218746
5.8,0.241245,0.401642,-0.026743,0.388678,0.321,-0.00336045,-0.222406
5.9,0.244724,0.411378,-0.0272608,0.39166,0.325823,-0.00965529,-0.226046
6,0.248163,0.420865,-0.0277886,0.39447,0.330598,-0.0158641,-0.229666
6.1,0.246533,0.420386,-0.0278071,0.387488,0.328581,-0.0218711,-0.228699
6.2,0.249901,0.429385,-0.0283591,0.389936,0.333291,-0.0279409,-0.232306
6.3,0.253334,0.438371,-0.0289327,0.392453,0.338096,-0.0339225,-0.23599
6.4,0.25673,0.447128,-0.0295174,0.39481,0.34286,-0.0398271,-0.23966
6.5,0.254931,0.445286,-0.0296126,0.387209,0.340678,-0.0450802,-0.238645
6.6,0.258262,0.453585,-0.0302225,0.389215,0.345385,-0.0508633,-0.24231
6.7,0.261663,0.461902,-0.0308544,0.391303,0.350193,-0.0565742,-0.246057
6.8,0.259799,0.459259,-0.031008,0.383415,0.347976,-0.0613107,-0.245068
6.9,0.263139,0.467141,-0.0316655,0.385165,0.352732,-0.0669093,-0.248815
7,0.266551,0.475057,-0.0323454,0.387003,0.357593,-0.072446,-0.252647
7.1,0.26993,0.482767,-0.0330376,0.388692,0.362421,-0.0779176,-0.256471
7.2,0.230005,0.400308,-0.0295795,0.311834,0.309547,-0.0724058,-0.221105
7.3,0.153015,0.249737,-0.0212172,0.183313,0.207196,-0.0530631,-0.150607
7.4,0.102724,0.160587,-0.0149896,0.11184,0.139992,-0.0385091,-0.10315
7.5,0.0717633,0.109949,-0.0109169,0.0726263,0.098444,-0.0295352,-0.0733445
7.6,0.0530429,0.0811795,-0.00840238,0.0505636,0.0732864,-0.0245008,-0.0551564
7.7,0.041838,0.0647843,-0.00690469,0.0378936,0.0582471,-0.0218361,-0.044263
7.8,0.0351824,0.0554077,-0.00603976,0.0304952,0.0493476,-0.0204978,-0.0378373
7.9,0.0312602,0.0500218,-0.00555961,0.0261013,0.0441392,-0.0198731,-0.0341104
8,0.0289738,0.0469089,-0.00531097,0.0234356,0.0411392,-0.0196222,-0.0320023
8.1,0.0269933,0.0439372,-0.00507874,0.0211729,0.038505,-0.0190908,-0.0301218
8.2,0.0265115,0.0433149,-0.00509667,0.0203163,0.0379572,-0.0193192,-0.0298302
8.3,0.0263035,0.0429634,-0.00515083,0.0197203,0.0377721,-0.019527,-0.0298008
8.4,0.0262299,0.042717,-0.00522218,0.0192414,0.0377644,-0.0197073,-0.029899
8.5,0.0256865,0.0415486,-0.00519215,0.0184002,0.0370658,-0.0193966,-0.0294394
8.6,0.0259571,0.041802,-0.00532297,0.0182343,0.0375387,-0.0197177,-0.0299071
8.7,0.0261956,0.041944,-0.00544555,0.0180341,0.0379618,-0.0199656,-0.0303333
8.8,0.0263962,0.0419854,-0.00555967,0.0177974,0.0383292,-0.0201539,-0.0307144
8.9,0.026017,0.0409961,-0.00555022,0.0171191,0.0378522,-0.0198396,-0.0304174
9,0.0263812,0.0413286,-0.00570045,0.0170148,0.0384614,-0.02016,-0.0309963
9.1,0.0266771,0.0415133,-0.00583631,0.0168486,0.0389718,-0.0204031,-0.0314966
9.2,0.0263509,0.0406141,-0.00583459,0.0162348,0.038571,-0.0201065,-0.031259
9.3,0.0267534,0.0409883,-0.00599659,0.0161454,0.0392436,-0.0204424,-0.0318959
9.4,0.0265109,0.0402434,-0.00601229,0.0156043,0.0389674,-0.0202138,-0.0317598
9.5,0.0269652,0.0406939,-0.00618857,0.0155434,0.0397218,-0.0205855,-0.0324684
9.6,0.0273181,0.0409423,-0.00634201,0.0153998,0.0403279,-0.0208522,-0.0330572
9.7,0.0275913,0.04104,-0.00647768,0.0151947,0.0408187,-0.0210411,-0.0335532
9.8,0.027816,0.0410509,-0.00660287,0.0149545,0.0412403,-0.0211845,-0.0339945
9.9,0.0274328,0.0400594,-0.00658221,0.0143296,0.0407602,-0.0208145,-0.0336916
10,0.0278165,0.0403682,-0.00674885,0.014206,0.0414263,-0.0211083,-0.0343416
10.1,0.0281289,0.0405342,-0.00689839,0.0140262,0.041988,-0.0213257,-0.0349064
10.2,0.0283797,0.0405831,-0.00703313,0.0138006,0.0424599,-0.0214809,-0.0353982
10.3,0.0285924,0.040564,-0.00715908,0.0135489,0.0428779,-0.021599,-0.0358471
10.4,0.0281911,0.0395633,-0.00712893,0.0129444,0.0423748,-0.0212012,-0.0355243
10.5,0.0285757,0.0398551,-0.00730156,0.0128086,0.0430597,-0.0214786,-0.0362037
10.6,0.028891,0.0400086,-0.00745621,0.0126208,0.043642,-0.0216806,-0.0367979
10.7,0.0285481,0.0391176,-0.00743732,0.0120756,0.0432287,-0.0213214,-0.0365497
10.8,0.0289741,0.0394583,-0.00762358,0.0119517,0.0439874,-0.0216207,-0.0372993
10.9,0.0293158,0.0396374,-0.00778714,0.0117689,0.0446203,-0.0218311,-0.0379433
11,0.0295871,0.0396897,-0.00793184,0.0115409,0.0451488,-0.0219716,-0.0385001
11.1,0.0298147,0.0396685,-0.00806511,0.0112875,0.0456142,-0.0220704,-0.0390052
11.2,0.0300155,0.0396053,-0.00819156,0.0110203,0.0460425,-0.0221441,-0.0394807
11.3,0.0295875,0.0385956,-0.00814257,0.0104551,0.0455065,-0.0217,-0.0391269
11.4,0.0311842,0.0406555,-0.00866546,0.0108454,0.0480995,-0.0229361,-0.0414809
11.5,0.0304483,0.0391305,-0.00852303,0.0101265,0.0470855,-0.0221948,-0.040709
11.6,0.0306294,0.0390559,-0.00864615,0.00986054,0.0475001,-0.0222505,-0.0411828
11.7,0.0308216,0.0389945,-0.00877236,0.0095991,0.0479353,-0.02231,-0.0416765
11.8,0.031002,0.0389071,-0.00889468,0.00932891,0.0483557,-0.0223523,-0.0421588
11.9,0.0305463,0.0378973,-0.00882857,0.00880013,0.047783,-0.0218747,-0.0417709
12,0.0309305,0.0381415,-0.00901276,0.00863306,0.0485325,-0.0220942,-0.0425479
12.1,0.03125,0.0382591,-0.00917601,0.00842406,0.0491829,-0.0222408,-0.0432384
12.2,0.0315098,0.0382705,-0.00932028,0.00818122,0.0497431,-0.022326,-0.0438503
12.3,0.0263381,0.12603,0.00576984,0.192065,0.00908136,0.0726924,-0.00189264
12.4,0.0264377,0.0925805,0.00117997,0.122832,0.0211107,0.0380545,-0.0152992
12.5,0.0262312,0.0669863,-0.00195361,0.071297,0.0294454,0.0129619,-0.024867
12.6,0.0270697,0.0546225,-0.00375685,0.0447965,0.0352537,-0.000424669,-0.0312244
12.7,0.0290178,0.0499687,-0.00508812,0.0312714,0.0407882,-0.0084391,-0.0368545
12.8,0.0292178,0.0445841,-0.00570249,0.0208824,0.0428586,-0.0131013,-0.0392016
12.9,0.0293645,0.0413799,-0.00606015,0.0148589,0.0441459,-0.0156583,-0.0406792
13,0.0295238,0.0394559,-0.00629609,0.0112113,0.0450876,-0.0171498,-0.0417629
13.1,0.031598,0.0411059,-0.00697022,0.00983069,0.0489408,-0.0194331,-0.0454577
13.2,0.0310795,0.0392289,-0.00689979,0.00800408,0.0484333,-0.0193642,-0.0451406
13.3,0.0307402,0.037995,-0.00685836,0.00680641,0.0481502,-0.0192667,-0.0450203
13.4,0.0305681,0.0372353,-0.00684996,0.00601127,0.0481018,-0.0191969,-0.0451109
13.5,0.0304999,0.0367478,-0.00686064,0.00544824,0.0482008,-0.0191384,-0.0453336
13.6,0.0304947,0.0364139,-0.00688169,0.00501796,0.0483908,-0.0190821,-0.0456377
13.7,0.0305276,0.0361665,-0.00690799,0.00466351,0.0486371,-0.019024,-0.0459923
13.8,0.0299297,0.0351002,-0.00675186,0.00419969,0.0478047,-0.0184512,-0.0453404
13.9,0.0308621,0.0361198,-0.00702928,0.00413503,0.0495875,-0.019085,-0.0471322
14,0.0315388,0.036719,-0.00722599,0.00397709,0.050935,-0.0194649,-0.0485145
14.1,0.030668,0.0352468,-0.00697572,0.00347142,0.0496186,-0.0186151,-0.0473957
14.2,0.0307809,0.035174,-0.00701285,0.00323336,0.0500092,-0.0185779,-0.0478889
14.3,0.0302482,0.0342622,-0.0068617,0.0028715,0.0492787,-0.0180379,-0.0473241
14.4,0.030577,0.0345021,-0.00695888,0.00269731,0.0500542,-0.0181723,-0.0481847
14.5,0.0301844,0.0337794,-0.00684251,0.00237461,0.0495658,-0.0177359,-0.0478447
14.6,0.0305936,0.0341078,-0.00695771,0.00220753,0.0504929,-0.0179161,-0.0488509
14.7,0.0308991,0.0342596,-0.00703716,0.00199886,0.0512407,-0.0179922,-0.049685
14.8,0.031119,0.0342807,-0.00708797,0.00176289,0.0518423,-0.0179901,-0.0503798
14.9,0.0312872,0.0342288,-0.00712171,0.0015095,0.0523592,-0.0179464,-0.0509953
15,0.0314145,0.034133,-0.00714118,0.00125761,0.0528084,-0.0178676,-0.0515478
15.1,0.0315186,0.0340138,-0.00715212,0.00100389,0.0532225,-0.0177716,-0.0520685
15.2,0.0316073,0.0338812,-0.0071567,0.000749965,0.053615,-0.0176642,-0.0525703
15.3,0.0316852,0.0337408,-0.00715613,0.000496571,0.0539944,-0.0175483,-0.053061
15.4,0.0317554,0.0335957,-0.00715111,0.000243949,0.0543656,-0.0174259,-0.0535452
15.5,0.0318198,0.0334476,-0.00714203,-7.88624e-06,0.0547318,-0.0172978,-0.0540259
15.6,0.0312151,0.0324975,-0.00693636,-0.000324715,0.0538669,-0.0166986,-0.0533105
15.7,0.03149,0.032667,-0.0069888,-0.000522071,0.054637,-0.0167424,-0.0541912
15.8,0.0310457,0.0319443,-0.00682661,-0.000800478,0.0540684,-0.0162679,-0.0537625
15.9,0.0314129,0.0322225,-0.0068996,-0.000992295,0.0550239,-0.0163668,-0.0548266
16,0.0316814,0.0323395,-0.00693654,-0.00121734,0.0557987,-0.0163726,-0.0557114
16.1,0.0318667,0.0323362,-0.00694419,-0.0014629,0.056423,-0.016308,-0.0564482
16.2,0.0319969,0.0322641,-0.00693245,-0.0017166,0.0569504,-0.0162008,-0.0570908
16.3,0.0320906,0.0321534,-0.0069074,-0.00197233,0.0574158,-0.0160676,-0.0576741
16.4,0.0314971,0.0312536,-0.00668391,-0.00225863,0.0565649,-0.0154829,-0.0569574
16.5,0.0311148,0.0306705,-0.00652507,-0.00249321,0.0561239,-0.0150691,-0.0566507
16.6,0.0321669,0.0317511,-0.00677032,-0.00266656,0.0584765,-0.0155855,-0.0591173
16.7,0.0329088,0.0323687,-0.00691208,-0.00291549,0.0602341,-0.0158454,-0.0609871
16.8,0.0320715,0.031131,-0.00660172,-0.00324397,0.058899,-0.0150775,-0.0597745
16.9,0.0328116,0.0318027,-0.00674059,-0.00347038,0.0606877,-0.015349,-0.0616893
17,0.0326713,0.0314223,-0.00662415,-0.00374536,0.060738,-0.0150405,-0.0618638
17.1,0.032562,0.0311082,-0.00651623,-0.00400412,0.0608569,-0.014763,-0.0621101
17.2,0.0324889,0.0308581,-0.00641711,-0.00425065,0.0610549,-0.0145151,-0.062438
17.3,0.0324378,0.0306397,-0.00632176,-0.00449771,0.0613037,-0.0142839,-0.0628179
17.4,0.0324009,0.030444,-0.00622686,-0.00474101,0.0615857,-0.0140598,-0.0632319
17.5,0.0317124,0.0295368,-0.00595494,-0.00496766,0.0605363,-0.0134547,-0.0623018
17.6,0.0318973,0.0296523,-0.00591784,-0.00517314,0.0612836,-0.0133777,-0.0631914
17.7,0.0320277,0.0296706,-0.00585779,-0.00540218,0.0619228,-0.0132497,-0.0639686
17.8,0.0321029,0.0296065,-0.00577665,-0.00564645,0.0624535,-0.0130781,-0.0646341
17.9,0.0321425,0.0294942,-0.00568185,-0.00590162,0.0629179,-0.0128829,-0.0652325
18,0.0315042,0.0286542,-0.00541152,-0.00612246,0.0619559,-0.0123157,-0.0643787
18.1,0.0317023,0.02878,-0.00535501,-0.00634417,0.062769,-0.0122229,-0.0653394
18.2,0.0318337,0.0288015,-0.00527334,-0.00658573,0.063446,-0.0120768,-0.0661587
18.3,0.0319023,0.0287374,-0.0051696,-0.00683899,0.0639956,-0.0118871,-0.0668465
18.4,0.0319305,0.0286237,-0.00505161,-0.00710057,0.0644666,-0.0116734,-0.0674544
18.5,0.0319257,0.0284825,-0.00492105,-0.00735431,0.0648713,-0.0114384,-0.0679953
18.6,0.0319001,0.0283253,-0.00478196,-0.00760626,0.0652377,-0.0111923,-0.0684978
18.7,0.0318607,0.0281562,-0.0046365,-0.00786166,0.0655813,-0.0109406,-0.0689779
18.8,0.0318087,0.0279852,-0.00448404,-0.00810766,0.065901,-0.0106798,-0.0694343
18.9,0.0311104,0.0271485,-0.00418671,-0.00828394,0.0647782,-0.010117,-0.068401
19,0.0312434,0.0272348,-0.00407444,-0.00851097,0.0655225,-0.0099614,-0.0693026
19.1,0.031319,0.0272298,-0.00394118,-0.00875611,0.0661422,-0.0097637,-0.0700724
19.2,0.0313384,0.0271482,-0.00378937,-0.00901132,0.0666398,-0.00953087,-0.0707142
19.3,0.0313189,0.0270221,-0.00362459,-0.00926867,0.0670543,-0.00927631,-0.0712698
19.4,0.0312722,0.0268709,-0.00345029,-0.00952456,0.0674121,-0.00900796,-0.0717671
19.5,0.0312064,0.0267052,-0.00326857,-0.00977782,0.0677304,-0.00873034,-0.0722241
19.6,0.0305051,0.0258982,-0.00296747,-0.00993956,0.0665625,-0.0082003,-0.0711305
19.7,0.0306098,0.0259705,-0.00281652,-0.0101747,0.0672866,-0.00800533,-0.0720172
19.8,0.0306567,0.0259544,-0.00264707,-0.0104264,0.0678789,-0.00777441,-0.0727636
19.9,0.030651,0.0258652,-0.00246274,-0.0106915,0.0683526,-0.00751705,-0.0733846
20,0.0306049,0.0257311,-0.0022668,-0.0109564,0.0687338,-0.00723989,-0.0739085
20.1,0.030531,0.025572,-0.00206254,-0.0112176,0.0690515,-0.00695032,-0.0743664
20.2,0.0304378,0.0253991,-0.00185195,-0.0114745,0.0693252,-0.00665267,-0.0747788
20.3,0.03033,0.0252212,-0.00163571,-0.0117217,0.0695638,-0.00634753,-0.075155
20.4,0.0302125,0.0250378,-0.00141531,-0.0119679,0.0697806,-0.00603899,-0.0755088
20.5,0.0300875,0.0248509,-0.00119119,-0.012213,0.0699804,-0.00572766,-0.0758451
20.6,0.0299566,0.0246617,-0.000963678,-0.0124573,0.0701659,-0.00541391,-0.0761668
20.7,0.0292253,0.0238902,-0.00066823,-0.0125658,0.0688306,-0.00493459,-0.0748785
20.8,0.02869,0.023366,-0.000402614,-0.0126682,0.0679733,-0.00452787,-0.0740985
20.9,0.0282959,0.0229984,-0.00015465,-0.0127843,0.0674619,-0.00416605,-0.0736843
21,0.0291204,0.023799,-9.97887e-06,-0.0132109,0.0700935,-0.0040946,-0.0766072
21.1,0.0290776,0.023667,0.000223401,-0.0135129,0.0704985,-0.00379328,-0.0771578
21.2,0.028402,0.0229289,0.000502832,-0.013652,0.0692473,-0.00335664,-0.0759455
21.3,0.0290303,0.0235013,0.000695473,-0.014086,0.0714171,-0.0031966,-0.0783837
21.4,0.0288532,0.0232406,0.00094661,-0.0143658,0.0714743,-0.00286179,-0.078566
21.5,0.0280911,0.0224389,0.00122192,-0.0144663,0.0699624,-0.00242912,-0.0770726
21.6,0.0280906,0.022425,0.00146142,-0.0147238,0.0704722,-0.00213465,-0.0777445
21.7,0.0280481,0.0223513,0.0017069,-0.0149906,0.0708707,-0.00182786,-0.0782961
21.8,0.0274053,0.0216954,0.00196275,-0.0150914,0.0696322,-0.00144187,-0.0770917
21.9,0.0269185,0.0212326,0.00220923,-0.0151873,0.068791,-0.00108497,-0.0763141
22,0.0270873,0.0213956,0.00245593,-0.0154828,0.0697454,-0.000799973,-0.0774654
22.1,0.0266118,0.0209149,0.00269826,-0.0156095,0.0689156,-0.000452621,-0.0766954
22.2,0.0267675,0.0210406,0.00295309,-0.0159314,0.0698362,-0.000156096,-0.0778105
22.3,0.026824,0.0210421,0.00321103,-0.0162583,0.070488,0.000153381,-0.0786358
22.4,0.026263,0.0204566,0.00344247,-0.0163829,0.0693913,0.00049069,-0.0775736
22.5,0.026358,0.0205144,0.00370562,-0.0167037,0.0701394,0.000805084,-0.0785059
22.6,0.024437,-0.0711971,-0.0134418,-0.189955,0.169626,-0.0645556,-0.185306
22.7,0.0284997,-0.0372987,-0.00795586,-0.130527,0.148449,-0.0402389,-0.161494
22.8,0.0302174,-0.012602,-0.00363742,-0.0851194,0.127997,-0.0219958,-0.139031
22.9,0.0308261,0.000528945,-0.00109762,-0.0607373,0.116161,-0.0120802,-0.126236
23,0.0307309,0.00813456,0.000576923,-0.0459349,0.107826,-0.0059739,-0.117326
23.1,0.0303333,0.012534,0.00172558,-0.0368706,0.101949,-0.00211092,-0.111109
23.2,0.0298347,0.015045,0.00255319,-0.0313211,0.0978191,0.000408125,-0.106792
23.3,0.02878,0.0161297,0.00315226,-0.0274142,0.0931512,0.00213311,-0.10188
23.4,0.0284775,0.0169941,0.00367528,-0.0254955,0.0916307,0.00335619,-0.100391
23.5,0.0281737,0.0174235,0.00412783,-0.0244061,0.0905801,0.0042878,-0.0994095
23.6,0.0278685,0.0175833,0.0045363,-0.0238261,0.0898112,0.00504127,-0.098732
23.7,0.0270456,0.0171595,0.00483454,-0.0232968,0.0876674,0.00556259,-0.0965434
23.8,0.0274383,0.0176479,0.00531275,-0.0235189,0.0892162,0.00632407,-0.098405
23.9,0.0266096,0.0170293,0.0055619,-0.0233392,0.0872261,0.00669684,-0.0963776
24,0.0264654,0.0169625,0.0059293,-0.0235098,0.087267,0.00725001,-0.0965827
24.1,0.0262982,0.0168387,0.00628656,-0.0237388,0.0872645,0.00777634,-0.096741
24.2,0.0261042,0.0166661,0.00663294,-0.024002,0.0871927,0.00827939,-0.0968236
24.3,0.0258938,0.0164645,0.00697096,-0.0242832,0.0870688,0.00876755,-0.0968497
24.4,0.0251742,0.01584,0.00716858,-0.0243086,0.0853854,0.00903792,-0.0951476
24.5,0.0251153,0.0157747,0.00753716,-0.0246261,0.0856454,0.00959039,-0.0955996
24.6,0.0245231,0.0152596,0.00774457,-0.0246871,0.0842791,0.00988816,-0.0942453
24.7,0.0245351,0.0152393,0.00812731,-0.0250523,0.0847164,0.0104701,-0.094897
24.8,0.024475,0.0151357,0.0084851,-0.0254277,0.0849501,0.0110073,-0.095325
24.9,0.0238753,0.0145925,0.00865519,-0.0255068,0.0835124,0.0112514,-0.0938879
25,0.0238836,0.0145438,0.00902915,-0.0259,0.0838923,0.0118289,-0.094482
25.1,0.023351,0.0140566,0.00919904,-0.0259906,0.0825965,0.0120855,-0.0932006
25.2,0.0233977,0.0140283,0.00958077,-0.0264092,0.0830493,0.0126858,-0.0938809
25.3,0.0228973,0.0135606,0.00973963,-0.0265119,0.0818059,0.0129339,-0.0926562
25.4,0.022503,0.0131877,0.00992935,-0.0266346,0.0808298,0.0132447,-0.0917301
25.5,0.0226418,0.0132174,0.0103391,-0.0271076,0.0814905,0.0139077,-0.0926517
25.6,0.0222121,0.0127954,0.0104925,-0.0272444,0.0803977,0.0141607,-0.0915944
25.7,0.0223175,0.0127773,0.010882,-0.0277299,0.0809354,0.0147966,-0.0923838
25.8,0.022327,0.0126665,0.0112244,-0.0281975,0.0811942,0.0153534,-0.092862
25.9,0.0222647,0.0124899,0.0115286,-0.0286381,0.0812272,0.0158505,-0.0930872
26,0.022159,0.0122759,0.0118065,-0.02905,0.0811043,0.0163112,-0.093138
26.1,0.0215707,0.0117164,0.0118274,-0.0290738,0.0794296,0.0163726,-0.0914177
26.2,0.0215874,0.0116077,0.0121553,-0.029493,0.0795621,0.0169431,-0.0917624
26.3,0.0211028,0.0111328,0.0122035,-0.0295367,0.0781255,0.0170673,-0.09031
26.4,0.0211765,0.0110589,0.0125506,-0.0299867,0.0783758,0.0176831,-0.0907947
26.5,0.0211752,0.0109133,0.0128512,-0.0304247,0.0784165,0.0182196,-0.0910431
26.6,0.0211158,0.0107147,0.0131129,-0.0308415,0.07828,0.0186935,-0.0910908
26.7,0.0210224,0.0104862,0.0133482,-0.0312353,0.0780217,0.0191294,-0.0910005
26.8,0.0209099,0.0102413,0.0135652,-0.0316085,0.0776793,0.0195417,-0.0908154
26.9,0.0203419,0.00969963,0.0134889,-0.0315483,0.0758819,0.0194875,-0.0889392
27,0.0203775,0.00956684,0.0137805,-0.0319637,0.0758682,0.0200501,-0.0891382
27.1,0.0199246,0.00911219,0.0137488,-0.0319439,0.0743491,0.0200847,-0.0875806
27.2,0.0200263,0.00901385,0.0140695,-0.0324126,0.0744894,0.0207068,-0.087965
27.3,0.0196202,0.00858635,0.014044,-0.0324253,0.0730891,0.0207568,-0.0865432
27.4,0.0197501,0.00849183,0.0143718,-0.0329328,0.0732847,0.0213988,-0.0869995
27.5,0.019797,0.00832767,0.0146394,-0.0334135,0.0732623,0.0219358,-0.0872039
27.6,0.0202147,0.00836551,0.0151652,-0.0343203,0.0743896,0.0228984,-0.0887757
27.7,0.019558,0.00775488,0.0149248,-0.0341721,0.0723024,0.0225799,-0.0865383
27.8,0.0195424,0.00754349,0.0151295,-0.0345671,0.0720082,0.0230321,-0.0864309
27.9,0.0195091,0.00731605,0.0153152,-0.0349515,0.071653,0.0234551,-0.0862539
28,0.0190193,0.00683533,0.0151534,-0.0348273,0.0699173,0.0232973,-0.0844238
28.1,0.0191128,0.00668593,0.015416,-0.0352841,0.0698426,0.0238697,-0.0845868
28.2,0.0187248,0.00626759,0.0153067,-0.0352276,0.068365,0.0238091,-0.0830604
28.3,0.0188732,0.00613979,0.0155987,-0.0357448,0.0684186,0.0244395,-0.0833849
28.4,0.0189432,0.00595232,0.015828,-0.0362308,0.0682851,0.0249566,-0.0834876
28.5,0.018954,0.0057223,0.0160071,-0.0366793,0.0679958,0.025386,-0.0834047
28.6,0.0185026,0.00526596,0.015812,-0.0365594,0.0663542,0.0251755,-0.0816706
28.7,0.018626,0.00510123,0.016064,-0.037066,0.0662824,0.0257511,-0.0818596
28.8,0.0186907,0.00489044,0.0162664,-0.0375504,0.0660753,0.0262367,-0.0818864
28.9,0.0182762,0.00445765,0.0160725,-0.0374381,0.0645153,0.0260323,-0.0802436
29,0.0180038,0.00411532,0.01598,-0.0374066,0.0632663,0.0260197,-0.0789823
29.1,0.0186556,0.00416536,0.016648,-0.0385875,0.0645933,0.0273423,-0.0809301
29.2,0.0182151,0.00371655,0.0164102,-0.0384581,0.0629971,0.0270544,-0.079233
29.3,0.0183252,0.00351507,0.0166219,-0.0389782,0.0628345,0.0275743,-0.079333
29.4,0.018385,0.00328207,0.0167885,-0.0394592,0.0625478,0.0280131,-0.0792813
29.5,0.0179772,0.00286694,0.0165511,-0.0392963,0.0609924,0.0277329,-0.0776254
29.6,0.0173707,0.00243768,0.016117,-0.0386984,0.0588592,0.0270993,-0.0751975
29.7,0.0150469,0.00151076,0.0141568,-0.0353791,0.0521226,0.0237101,-0.0668067
29.8,0.0124696,0.000701228,0.0119076,-0.0311213,0.0444729,0.019814,-0.05714
29.9,0.0091826,-0.000117076,0.00896712,-0.0251762,0.0346458,0.0146905,-0.0445675
